ID,vel_strada,radit_other,radit_datu_aizsardziba,radit_sum,zp,vards_lv,vards_en,uzvards_lv,uzvards_en,grads,epasts,telefons,sturkturvieniba_1,amats_1,sturkturvieniba_2,amats_2,sturkturvieniba_3,amats_3,sturkturvieniba_4,amats_4,sturkturvieniba_5,amats_5,amatu_seciba,bool_pec_str,,
1358,,,,,,Pearl,Pearl,Harris,Harris,,Pearl.Harris,,D.2.3.,4495,,,,,,,,,0,FALSE,,
1298,n,,,n,,Shawn,Shawn,Guillory,Guillory,,Shawn.Guillory,,A.1.,4857,,,,,,,,,0,FALSE,,
1002,,,,,y,Sara,Saraeng,Gonzalez,Gonzalez,Dr.phys.,Sara.Gonzalez,67251691,D.1.6.,4615,A.1.,4995,,,,,,,0,FALSE,,
1003,,,,,,Diana,Diana,Figueras,Figueras,Mg.,Diana.Figueras,,D.2.4.,4585,,,,,,,,,0,FALSE,,
1004,,,,,,Marilyn,Marilyn,Holliday,Holliday,Dr.phys.,Marilyn.Holliday,,D.1.3.,4615,,,,,,,,,0,FALSE,,
1005,,,,,,Mildred,Mildred,Defelice,Defelice,,Mildred.Defelice,,D.3.3.,4550,,,,,,,,,0,FALSE,,
1006,,,,,,Paul,Paul,Gray,Gray,Mg.,Paul.Gray,67251691,D.3.3.,4560,,,,,,,,,0,FALSE,,
1007,,,,,,Patty,Patty,Tindall,Tindall,,Patty.Tindall,,D.2.4.,4545,,,,,,,,,0,FALSE,,
1008,,,,,,Brian,Brian,Evans,Evans,Dr.phys.,Brian.Evans,25241686,D.3.1.,4650,D.3.3.,4610,,,,,,,0,FALSE,,
1009,n,,,n,,Elizabeth,Elizabeth,Neumeyer,Neumeyereng,,Elizabeth.Neumeyer,,A.5.,4540,,,,,,,,,0,FALSE,,
1010,,,,,,Kathleen,Kathleen,Gonzalez,Gonzalezeng,Dr.phys.,Kathleen.Gonzalez,67251691,D.3.3.,4615,,,,,,,,,0,FALSE,,
1331,n,n,,n,,George,George,Romo,Romo,,George.Romo,,M.1.,4790,,,,,,,,,0,FALSE,,
1330,n,n,,n,,Derrick,Derrick,Kummer,Kummer,,Derrick.Kummer,,M.1.,4790,,,,,,,,,0,FALSE,,
1011,,,,,,Jessica,Jessica,Gonzalez,Gonzalez,Dr.chem.,Jessica.Gonzalez,67187817,D.2.2.,4615,,,,,,,,,0,FALSE,,
1012,,,,,,David,David,Shaver,Shaver,Dr.rer.nat.,David.Shaver,67251691,D.1.6.,4580,,,,,,,,,0,FALSE,,
1013,n,,,n,,Leah,Leah,Meyer,Meyer,,Leah.Meyer,,D.2.2.,4545,,,,,,,,,0,FALSE,,
1337,,,,,,Anthony,Anthony,Mueller,Mueller,,Anthony.Mueller,,D.2.6.,4590,,,,,,,,,0,FALSE,,
1293,n,,,n,,William,William,Sharp,Sharp,,William.Sharp,,D.3.1.,4658,,,,,,,,,0,FALSE,,
1360,,,,,,Clarence,Clarence,Garcia,Garcia,,Clarence.Garcia,,D.3.4.,4550,,,,,,,,,0,FALSE,,
1282,n,,,n,,Paul,Paul,Kelly,Kelly,,Paul.Kelly,67260787,D.2.3.,4550,,,,,,,,,0,FALSE,,
1255,,,,,,Jeffery,Jeffery,Clark,Clark,,Jeffery.Clark,,D.3.4.,4545,,,,,,,,,0,FALSE,,
1014,,,,,,Dalia,Dalia,Yarbrough,Yarbrough,Bc.,Dalia.Yarbrough,,D.3.4.,4545,,,,,,,,,0,FALSE,,
1016,n,n,,n,,Bernice,Berniceeng,Busch,Busch,,Bernice.Busch,67260570,M.1.,4790,,,,,,,,,0,FALSE,,
1018,,,,,,Cierra,Cierra,Ratliff,Ratliff,Bc.,Cierra.Ratliff,67260787,D.2.3.,4550,,,,,,,,,0,FALSE,,
1017,,,,,,Agnes,Agnes,Ezell,Ezell,Dr.habil.phys.,Agnes.Ezell,,D.1.3.,4610,,,,,,,,,0,FALSE,,
1019,,,,,,Victoria,Victoria,Mercer,Mercer,Mg.,Victoria.Mercer,,D.1.3.,4560,,,,,,,,,0,FALSE,,
1354,n,,,n,,Mary,Mary,Palazzi,Palazzi,,Mary.Palazzi,67187816,A.1.,4960,,,,,,,,,0,FALSE,,
1020,,,,,,Erik,Erik,Witcher,Witcher,Mg.,Erik.Witcher,,D.1.4.,4565,,,,,,,,,0,FALSE,,
1021,,,,,,Lilly,Lillyeng,Henderson,Henderson,Dr.phys.,Lilly.Henderson,67187522,D.2.4.,4956,D.2.4.,4615,,,,,,,0,FALSE,,
1022,n,,,n,,Eleanor,Eleanor,Wilkins,Wilkins,,Eleanor.Wilkins,,D.1.3.,4550,,,,,,,,,0,FALSE,,
1023,,,,,,Chester,Chester,Hill,Hill,Mg.,Chester.Hill,,D.2.1.,4585,,,,,,,,,0,FALSE,,
1024,,,,,,Elizabeth,Elizabeth,Lewis,Lewis,Bc.,Elizabeth.Lewis,67260787,D.2.3.,4560,,,,,,,,,0,FALSE,,
1305,n,,,n,,Donald,Donald,Lancaster,Lancaster,,Donald.Lancaster,,D.3.1.,4856,,,,,,,,,0,FALSE,,
1025,,,,,y,Buford,Buford,Villatoro,Villatoroeng,Dr.phys.,Buford.Villatoro,29622457,D.1.1.,4615,A.1.,4965,,,,,,,0,FALSE,,
1026,,,,,,Christine,Christine,Armenta,Armenta,Mg./MBA,Christine.Armenta,29585967,D.3.1.,4935,,,,,,,,,0,FALSE,,
1290,,,,,,August,August,Carlisle,Carlisle,,August.Carlisle,,D.1.5.,4545,,,,,,,,,0,FALSE,,
1322,,n,,n,,Thomas,Thomas,Drake,Drake,,Thomas.Drake,,M.3.,4840,,,,,,,,,0,FALSE,,
1027,,,,,,Mary,Mary,Dorcy,Dorcy,Dr.phys.,Mary.Dorcy,,D.2.4.,4615,,,,,,,,,0,FALSE,,
1028,,,,,,Carolyn,Carolyn,Satterwhite,Satterwhite,,Carolyn.Satterwhite,,D.2.2.,4545,,,,,,,,,0,FALSE,,
1029,,,,,,Eldridge,Eldridge,Mckenzie,Mckenzieeng,Mg.,Eldridge.Mckenzie,,D.1.5.,4565,,,,,,,,,0,FALSE,,
1343,,,,,,Marjorie,Marjorie,Parker,Parker,,Marjorie.Parker,,D.1.1.,4570,,,,,,,,,0,FALSE,,
1308,,,,,,Edward,Edward,Spears,Spears,,Edward.Spears,,D.2.2.,4565,,,,,,,,,0,FALSE,,
1030,,,,,,Richard,Richard,Schaefer,Schaefer,,Richard.Schaefer,67260571,A.2.,4700,,,,,,,,,0,FALSE,,
1031,,,,,,Benita,Benita,Arellano,Arellanoeng,Ph.D.,Benita.Arellano,67260787,D.2.3.,4615,,,,,,,,,0,FALSE,,
1032,n,,,n,,Michael,Michaeleng,Ramirez,Ramirez,,Michael.Ramirez,,D.1.2.,4550,,,,,,,,,0,FALSE,,
1033,,,,,,Linda,Linda,Joyce,Joyce,Mg.,Linda.Joyce,67260787,D.2.3.,4545,,,,,,,,,0,FALSE,,
1034,,,,,,Joseph,Joseph,Johnson,Johnson,Ph.D.,Joseph.Johnson,67187511,D.3.3.,4615,,,,,,,,,0,FALSE,,
1035,,,,,y,Raina,Raina,Sembler,Sembler,Dr.phys.,Raina.Sembler,,D.1.3.,4610,,,,,,,,,0,FALSE,,
1328,,n,,n,,Lisa,Lisa,Perkins,Perkins,,Lisa.Perkins,,M.1.,4805,,,,,,,,,0,FALSE,,
1283,n,,,n,,Corey,Corey,Bates,Bates,,Corey.Bates,,D.1.2.,4545,,,,,,,,,0,FALSE,,
1036,,,,,,Guy,Guy,Locke,Locke,Mg.,Guy.Locke,,D.1.2.,4580,,,,,,,,,0,FALSE,,
1353,,,,,,Edward,Edward,Tarone,Tarone,,Edward.Tarone,,D.1.1.,4565,,,,,,,,,0,FALSE,,
1037,,,,,,Ernest,Ernest,Boles,Boles,Dr.phys.,Ernest.Boles,,D.1.3.,4615,,,,,,,,,0,FALSE,,
1038,n,,,n,,Deborah,Deborah,Madera,Madera,Mg.,Deborah.Madera,67251691,D.3.3.,4545,,,,,,,,,0,FALSE,,
1039,,,,,,Robert,Robert,Daly,Daly,Mg.,Robert.Daly,,D.1.3.,4545,,,,,,,,,0,FALSE,,
1326,,,,,,Shawn,Shawn,Evans,Evans,Mg.,Shawn.Evans,,D.1.3.,4560,,,,,,,,,0,FALSE,,
1040,n,,,n,,Patricia,Patricia,Spearman,Spearman,Dr.phys.,Patricia.Spearman,67251691,D.3.3.,4570,,,,,,,,,0,FALSE,,
1355,,,,,,Janet,Janet,Smith,Smith,,Janet.Smith,67187816,A.1.,4960,,,,,,,,,0,FALSE,,
1318,,,,,,Tammy,Tammy,Moreno,Moreno,,Tammy.Moreno,,D.1.6.,4495,,,,,,,,,0,FALSE,,
1306,,,,,,Catherine,Catherine,Jenkins,Jenkins,,Catherine.Jenkins,,D.2.2.,4545,,,,,,,,,0,FALSE,,
1041,,,,,,Richard,Richard,Stover,Stover,Bc.,Richard.Stover,,D.1.4.,4550,,,,,,,,,0,FALSE,,
1042,n,,,n,,Wilfredo,Wilfredo,Foersterling,Foersterling,Dr.biol.,Wilfredo.Foersterling,,D.2.2.,4575,,,,,,,,,0,FALSE,,
1043,,,,,,Heather,Heather,Cole,Cole,,Heather.Cole,67251691,D.1.6.,4545,,,,,,,,,0,FALSE,,
1044,,,,,,David,David,Saathoff,Saathoff,Dr.phys.,David.Saathoff,67187479,D.3.3.,4615,,,,,,,,,0,FALSE,,
1045,,,,,,Jason,Jason,Erdmann,Erdmann,Dr.habil.phys.,Jason.Erdmann,,D.2.4.,4615,,,,,,,,,0,FALSE,,
1046,n,,,n,,Doris,Doris,Nevins,Nevins,,Doris.Nevins,,D.1.3.,4545,,,,,,,,,0,FALSE,,
1048,,,,,,George,George,Saldivar,Saldivar,Bc.,George.Saldivar,,D.3.3.,4500,,,,,,,,,0,FALSE,,
1351,,,,,,Cathy,Cathy,Fox,Fox,,Cathy.Fox,,D.3.3.,4495,,,,,,,,,0,FALSE,,
1047,,,,,,David,David,Johnson,Johnson,Mg.,David.Johnson,,D.1.3.,4585,,,,,,,,,0,FALSE,,
1284,n,,,n,,Perry,Perry,Bustos,Bustos,,Perry.Bustos,,D.1.2.,4545,,,,,,,,,0,FALSE,,
1050,n,,,n,,Antwan,Antwan,Whitehair,Whitehair,Dr. phys.,Antwan.Whitehair,26359386,D.1.2.,4615,,,,,,,,,0,FALSE,,
1051,,,,,,Albert,Albert,Griffin,Griffin,Dr.phys.,Albert.Griffin,,D.2.4.,4610,,,,,,,,,0,FALSE,,
1052,n,,,n,,Kristina,Kristina,Amador,Amador,,Kristina.Amador,,D.2.1.,4550,,,,,,,,,0,FALSE,,
1053,n,,,n,,Jayne,Jayneeng,Price,Priceeng,,Jayne.Price,,D.2.4.,4550,,,,,,,,,0,FALSE,,
1054,,,,,,Sharon,Sharon,Rainey,Rainey,Bc.,Sharon.Rainey,,D.2.4.,4545,,,,,,,,,0,FALSE,,
1055,n,,,n,,Patricia,Patricia,Zimmerman,Zimmerman,Mg.,Patricia.Zimmerman,,D.2.4.,4550,,,,,,,,,0,FALSE,,
1056,,,,,,Dolly,Dollyeng,Tuck,Tuck,Dr.phys.,Dolly.Tuck,26426703,D.1.1.,4615,,,,,,,,,0,FALSE,,
1280,,,,,,Trena,Trena,Williams,Williams,,Trena.Williams,,D.3.3.,4590,,,,,,,,,0,FALSE,,
1057,,,,,,Rose,Rose,Sanders,Sanders,Mg.,Rose.Sanders,,D.2.1.,4560,,,,,,,,,0,FALSE,,
1058,,,,,,Phillip,Phillip,Sims,Simseng,Dr.phys.,Phillip.Sims,,D.1.3.,4580,,,,,,,,,0,FALSE,,
1059,,,,,,James,James,Mcbride,Mcbride,Dr.phys.,James.Mcbride,,D.1.3.,4615,,,,,,,,,0,FALSE,,
1060,,,,,,Beulah,Beulah,Carle,Carle,Dr.phys.,Beulah.Carle,,D.2.6.,4956,D.2.6.,4615,,,,,,,0,FALSE,,
1061,,,,,,Pauline,Pauline,Soehl,Soehl,,Pauline.Soehl,,D.2.4.,4545,,,,,,,,,0,FALSE,,
1062,,,,,,Daniel,Daniel,Beaver,Beaver,Dr.phys.,Daniel.Beaver,,D.1.3.,4615,,,,,,,,,0,FALSE,,
1063,,,,,,Gary,Gary,Manzanares,Manzanareseng,Mg.,Gary.Manzanares,29213521,D.3.6.,4935,D.3.6.,4890,,,,,,,0,FALSE,,
1363,,,,,,Michelle,Michelle,Lyon,Lyon,,Michelle.Lyon,,D.2.3.,4570,,,,,,,,,0,FALSE,,
1064,,,,,,Florence,Florence,Joos,Joos,Dr.phys.,Florence.Joos,29558333,D.1.1.,4615,,,,,,,,,0,FALSE,,
1065,,,,,,Rosanne,Rosanne,Drees,Drees,Bc.,Rosanne.Drees,67261132,D.2.7.,4545,,,,,,,,,0,FALSE,,
1303,,,,,,Eric,Eric,Berger,Berger,,Eric.Berger,,D.1.1.,4560,,,,,,,,,0,FALSE,,
1362,,,,,,Rita,Rita,Hibbard,Hibbard,,Rita.Hibbard,,A.1.,4972,,,,,,,,,0,FALSE,,
1066,,,,,y,Ezra,Ezra,Rivera,Rivera,Dr.phys.,Ezra.Rivera,26415673,D.2.2.,4585,A.6.,4955,,,,,,,0,FALSE,,
1268,,,,,,Angela,Angela,Perry,Perry,,Angela.Perry,,D.3.4.,4545,,,,,,,,,0,FALSE,,
1259,n,,,n,,Leah,Leah,Dubose,Dubose,,Leah.Dubose,,D.3.4.,4545,,,,,,,,,0,FALSE,,
1342,,,,,,Windy,Windy,Rigatti,Rigatti,,Windy.Rigatti,,A.1.,4992,,,,,,,,,0,FALSE,,
1068,,,,,,Rex,Rex,Phillips,Phillips,Dr.rer.nat.,Rex.Phillips,,D.1.2.,4615,,,,,,,,,0,FALSE,,
1070,,,,,,Priscilla,Priscilla,Thao,Thao,Bc.,Priscilla.Thao,67187816,A.5.,4725,,,,,,,,,0,FALSE,,
1069,,,,,y,Richard,Richard,Rosado,Rosado,Dr.phys.,Richard.Rosado,,D.1.3.,4615,,,,,,,,,0,FALSE,,
1071,,,,,,Frances,Frances,Root,Root,Dr. phys.,Frances.Root,67260787,D.2.3.,4580,,,,,,,,,0,FALSE,,
1073,,,,,,Dylan,Dylan,Toppin,Toppin,,Dylan.Toppin,,D.2.2.,4545,,,,,,,,,0,FALSE,,
1074,,,,,,Amber,Amber,Bohnsack,Bohnsack,Mg.,Amber.Bohnsack,67260856,D.3.5.,4600,,,,,,,,,0,FALSE,,
1285,,,,,,Jennifer,Jennifer,Cole,Cole,,Jennifer.Cole,,D.3.5.,4607,,,,,,,,,0,FALSE,,
1075,,,,,,Joanne,Joanneeng,Rangel,Rangel,,Joanne.Rangel,,A.4.,4750,A.4.,4740,,,,,,,0,FALSE,,
1076,,,,,,Bobbi,Bobbieng,Harding,Harding,Dr.phys.,Bobbi.Harding,67262145,D.2.2.,4585,,,,,,,,,0,FALSE,,
1077,,,,,,Gregory,Gregory,Cournoyer,Cournoyer,Bc.,Gregory.Cournoyer,,D.1.5.,4565,,,,,,,,,0,FALSE,,
1319,,n,,n,,Karl,Karl,Black,Black,,Karl.Black,,M.3.,4840,,,,,,,,,0,FALSE,,
1349,,,,,,Mark,Mark,Rodriguez,Rodriguez,,Mark.Rodriguez,,D.2.4.,4570,,,,,,,,,0,FALSE,,
1357,,n,,n,,Danielle,Danielleeng,Waterer,Waterer,,Danielle.Waterer,,M.3.,4845,,,,,,,,,0,FALSE,,
1078,,,,,,Bessie,Bessie,Nemeth,Nemeth,Bc.,Bessie.Nemeth,,D.1.1.,4565,,,,,,,,,0,FALSE,,
1079,,,,,,Kristin,Kristin,Johnson,Johnson,,Kristin.Johnson,,D.1.1.,4565,,,,,,,,,0,FALSE,,
1080,,,,,,Corey,Corey,Ramsey,Ramsey,,Corey.Ramsey,29509755,M.1.,4910,,,,,,,,,0,FALSE,,
1336,,n,,n,,Mary,Mary,Tichenor,Tichenor,,Mary.Tichenor,,M.1.,4800,,,,,,,,,0,FALSE,,
1292,,,,,,John,John,Ward,Wardeng,,John.Ward,,A.2.,4698,,,,,,,,,0,FALSE,,
1081,,,,,,Amanda,Amanda,Grate,Grate,Bc.,Amanda.Grate,,A.6.,4540,,,,,,,,,0,FALSE,,
1082,,,,,,Debra,Debra,Hass,Hass,Dr. honoris causa,Debra.Hass,67187479,D.2.7.,4580,,,,,,,,,0,FALSE,,
1083,,,,,,Roger,Roger,Donaldson,Donaldson,Mg.,Roger.Donaldson,,D.3.4.,4520,,,,,,,,,0,FALSE,,
1297,n,,,n,,Kellie,Kellie,Thompson,Thompsoneng,,Kellie.Thompson,,M.3.,4840,,,,,,,,,0,FALSE,,
1084,,,,,,Marian,Marian,Neal,Neal,,Marian.Neal,26313376,D.2.2.,4545,,,,,,,,,0,FALSE,,
1296,n,,,n,,Kimberly,Kimberly,Manly,Manly,,Kimberly.Manly,,M.3.,4840,,,,,,,,,0,FALSE,,
1310,,n,,n,,Royal,Royal,Fry,Fry,,Royal.Fry,,M.3.,4840,,,,,,,,,0,FALSE,,
1086,n,,,n,,Todd,Todd,Horvath,Horvath,,Todd.Horvath,67260571,A.2.,4695,,,,,,,,,0,FALSE,,
1087,n,,,n,,Marco,Marco,Yu,Yu,Mg.,Marco.Yu,,D.2.4.,4545,,,,,,,,,0,FALSE,,
1088,n,,,n,,Walter,Walter,Samons,Samons,,Walter.Samons,,D.1.4.,4545,,,,,,,,,0,FALSE,,
1089,,,,,,George,George,Munn,Munneng,,George.Munn,,D.3.3.,4545,,,,,,,,,0,FALSE,,
1090,n,,,n,,Bradley,Bradley,Borders,Borders,Dr.phys.,Bradley.Borders,67251691,D.3.3.,4615,,,,,,,,,0,FALSE,,
1091,,,,,,Ryan,Ryan,Ochoa,Ochoa,,Ryan.Ochoa,67260856,D.3.5.,4545,,,,,,,,,0,FALSE,,
1092,,,,,,Gretchen,Gretchen,Grayson,Grayson,Dr.phys.,Gretchen.Grayson,67251691,D.1.6.,4615,,,,,,,,,0,FALSE,,
1304,,,,,,Marvin,Marvin,Theiss,Theiss,,Marvin.Theiss,,A.1.,4847,,,,,,,,,0,FALSE,,
1093,,,,,,Vincent,Vincent,Walch,Walch,,Vincent.Walch,,D.1.3.,4550,,,,,,,,,0,FALSE,,
1094,,,,,,David,David,Osborn,Osborn,Dr.sc.admin.,David.Osborn,,A.3.,4890,,,,,,,,,0,FALSE,,
1315,,,,,,David,David,Myers,Myers,,David.Myers,,D.3.1.,4880,,,,,,,,,0,FALSE,,
1095,,,,,,Edward,Edward,Alexander,Alexandereng,Mg.,Edward.Alexander,,D.2.4.,4585,,,,,,,,,0,FALSE,,
1096,n,,,n,,James,James,Eady,Eady,Mg.,James.Eady,,D.1.5.,4550,,,,,,,,,0,FALSE,,
1097,,,,,,Karen,Kareneng,Otsu,Otsu,,Karen.Otsu,,D.1.5.,4545,,,,,,,,,0,FALSE,,
1098,,,,,,Mary,Mary,Larson,Larson,Mg.,Mary.Larson,,D.2.2.,4580,,,,,,,,,0,FALSE,,
1099,n,,,n,,Cindy,Cindy,Walker,Walker,,Cindy.Walker,,D.2.2.,4545,,,,,,,,,0,FALSE,,
1340,n,,,n,,Bruce,Bruce,Warner,Warner,,Bruce.Warner,,D.2.2.,4545,,,,,,,,,0,FALSE,,
1100,,,,,,Lois,Lois,Putt,Putt,Dr.phys.,Lois.Putt,29794940,D.2.6.,4615,,,,,,,,,0,FALSE,,
1101,n,,,n,,Judy,Judy,Loos,Loos,Dr. phys.,Judy.Loos,67260787,D.2.3.,4580,,,,,,,,,0,FALSE,,
1102,,,,,,Kristine,Kristine,Franklin,Franklin,Mg.,Kristine.Franklin,,D.1.3.,4585,,,,,,,,,0,FALSE,,
1346,,,,,,David,Davideng,Ratliff,Ratliffeng,,David.Ratliff,,D.2.1.,4500,,,,,,,,,0,FALSE,,
1104,n,,,n,,Teresa,Teresa,Kovach,Kovach,Dr.phys.,Teresa.Kovach,29404742,M.1.,4785,,,,,,,,,0,FALSE,,
1106,,,,,,Paul,Paul,Johnson,Johnson,,Paul.Johnson,67260556,A.3.,4905,,,,,,,,,0,FALSE,,
1105,,,,,,Angela,Angela,Harmeson,Harmeson,Dr.phys.,Angela.Harmeson,26436513,D.2.2.,4615,,,,,,,,,0,FALSE,,
1107,,,,,,Raymond,Raymond,Wright,Wright,Mg.,Raymond.Wright,,D.2.2.,4580,,,,,,,,,0,FALSE,,
1320,n,n,,n,,Patrick,Patrick,Acuff,Acuff,,Patrick.Acuff,,M.3.,4845,,,,,,,,,0,FALSE,,
1294,,,,,,Michelle,Michelle,Nipp,Nipp,,Michelle.Nipp,,D.1.3.,4545,,,,,,,,,0,FALSE,,
1286,,,,,,Robert,Robert,Sanders,Sanders,,Robert.Sanders,,D.3.4.,4687,,,,,,,,,0,FALSE,,
1015,,,,,,Vera,Vera,Kaufman,Kaufman,,Vera.Kaufman,,M.2.,4500,,,,,,,,,0,FALSE,,
1339,,,n,n,,Cassandra,Cassandra,Weller,Weller,,Cassandra.Weller,,M.2.,4500,,,,,,,,,0,FALSE,,
1338,n,,,n,,Janis,Janis,Reiners,Reiners,,Janis.Reiners,,M.2.,4500,,,,,,,,,0,FALSE,,
1109,,,,,,Joe,Joe,Burns,Burns,Dr.phys.,Joe.Burns,,M.2.,4950,,,,,,,,,0,FALSE,,
1111,,,,,,Doris,Doris,Bolden,Bolden,Dr.habil.phys.,Doris.Bolden,67187480,D.1.2.,4615,,,,,,,,,0,FALSE,,
1112,,,,,,Elli,Elli,Boblitt,Boblitt,,Elli.Boblitt,,D.1.2.,4585,,,,,,,,,0,FALSE,,
1113,,,,,,Lynn,Lynneng,Shurts,Shurts,Dr.phys.,Lynn.Shurts,,D.2.7.,4610,,,,,,,,,0,FALSE,,
1267,n,,,n,,Eric,Eric,Zoutte,Zoutteeng,,Eric.Zoutte,,D.3.2.,4950,,,,,,,,,0,FALSE,,
1114,,,,,,Esther,Esther,Sample,Sample,Dr.Phys.,Esther.Sample,,D.1.3.,4610,,,,,,,,,0,FALSE,,
1115,,,,,,Bryan,Bryan,Lefever,Lefevereng,Dr.phys.,Bryan.Lefever,67260856,D.3.5.,4615,D.3.5.,4956,,,,,,,0,FALSE,,
1341,,,,,,Daniel,Daniel,Harris,Harris,,Daniel.Harris,,D.2.1.,4500,,,,,,,,,0,FALSE,,
1329,n,n,,n,,Thomas,Thomas,Compton,Compton,,Thomas.Compton,,M.1.,4810,,,,,,,,,0,FALSE,,
1116,n,,,n,,Christopher,Christopher,Cook,Cook,Dr.habil.phys.,Christopher.Cook,67187816,A.1.,4970,,,,,,,,,0,FALSE,,
1180,,,,,,Gary,Gary,Rankin,Rankin,,Gary.Rankin,,D.2.2.,4550,,,,,,,,,0,FALSE,,
1117,,,,,,Katie,Katie,Howser,Howser,Dr.phys.,Katie.Howser,,D.2.2.,4615,D.2.2.,4956,,,,,,,0,FALSE,,
1321,,n,,n,,Rhonda,Rhonda,Bizzell,Bizzell,,Rhonda.Bizzell,,M.3.,4840,,,,,,,,,0,FALSE,,
1258,,,,,,Colleen,Colleen,Seitz,Seitz,,Colleen.Seitz,,A.6.,4540,,,,,,,,,0,FALSE,,
1119,,,,,,Sophie,Sophie,Darden,Darden,Dr.phys.,Sophie.Darden,67187522,D.2.4.,4580,M.4.,4950,,,,,,,0,FALSE,,
1118,,,,,,Melinda,Melinda,Minion,Minion,Mg.,Melinda.Minion,67187875,D.1.4.,4580,,,,,,,,,0,FALSE,,
1121,,,,,,Gabriel,Gabriel,Pugh,Pugh,Dr.phys.,Gabriel.Pugh,67251691,D.1.6.,4956,D.1.6.,4615,,,,,,,0,FALSE,,
1122,,,,,,Tara,Tara,Giampietro,Giampietro,Dr.habil.phys.,Tara.Giampietro,27134915,D.1.2.,4956,D.1.2.,4615,,,,,,,0,FALSE,,
1123,,,,,,Sylvia,Sylvia,Conway,Conway,Mg.,Sylvia.Conway,,D.2.4.,4565,,,,,,,,,0,FALSE,,
1124,n,,,n,,Donald,Donald,Espinosa,Espinosa,Mg iur,Donald.Espinosa,,A.4.,4955,A.4.,4765,,,,,,,0,FALSE,,
1125,,,,,,Marion,Marion,Meier,Meier,Mg.,Marion.Meier,,D.2.1.,4585,,,,,,,,,0,FALSE,,
1126,,,,,,Dale,Dale,Ahern,Ahern,Mg.,Dale.Ahern,67260787,D.2.3.,4550,A.5.,4725,,,,,,,0,FALSE,,
1128,,,,,,Lillian,Lillian,Dean,Dean,Dr.sc.ing.,Lillian.Dean,29761393,D.3.6.,4895,,,,,,,,,0,FALSE,,
1129,,,,,,Rosaria,Rosaria,Martin,Martin,Mg.,Rosaria.Martin,,D.2.1.,4565,,,,,,,,,0,FALSE,,
1130,,,,,,Gary,Gary,Sealock,Sealock,Mg.,Gary.Sealock,,D.2.2.,4580,,,,,,,,,0,FALSE,,
1127,,,,,,Christine,Christine,Kertis,Kertis,Mg.,Christine.Kertis,,D.3.4.,4560,,,,,,,,,0,FALSE,,
1307,,,,,,Robert,Robert,Hartwig,Hartwig,,Robert.Hartwig,,D.2.2.,4545,,,,,,,,,0,FALSE,,
1131,,,,,,Colleen,Colleen,Ritchie,Ritchie,Mg.,Colleen.Ritchie,67260787,D.2.3.,4545,,,,,,,,,0,FALSE,,
1266,,,,,,John,John,Palmer,Palmer,,John.Palmer,,D.1.1.,4560,,,,,,,,,0,FALSE,,
1364,,,,,,John,John,Ramsdell,Ramsdell,,John.Ramsdell,,D.3.6.,4887,,,,,,,,,0,FALSE,,
1132,,,,,,Heather,Heather,Mefford,Mefford,Mg.,Heather.Mefford,,M.2.,4545,,,,,,,,,0,FALSE,,
1133,n,,,n,,Elizabeth,Elizabetheng,Hunter,Hunter,Mg.,Elizabeth.Hunter,26130472,D.1.1.,4560,,,,,,,,,0,FALSE,,
1134,,,,,,Henry,Henry,Booth,Booth,,Henry.Booth,,D.2.4.,4545,,,,,,,,,0,FALSE,,
1135,,,,,,Karen,Karen,Sims,Simseng,,Karen.Sims,,D.2.4.,4545,,,,,,,,,0,FALSE,,
1136,,,,,,Sandra,Sandra,Villanueva,Villanueva,,Sandra.Villanueva,67251691,D.1.6.,4550,,,,,,,,,0,FALSE,,
1137,,,,,,Paula,Paula,Ferra,Ferra,Mg.,Paula.Ferra,,D.1.3.,4560,A.6.,4490,,,,,,,0,FALSE,,
1138,n,,,n,,Joshua,Joshuaeng,Mori,Mori,,Joshua.Mori,,D.1.2.,4550,,,,,,,,,0,FALSE,,
1139,,,,,,Eric,Ericeng,Nicholson,Nicholson,Dr.phys.,Eric.Nicholson,67261132,D.1.4.,4610,,,,,,,,,0,FALSE,,
1140,,,,,,Thomas,Thomas,Sizemore,Sizemore,Dr.habil.phys.,Thomas.Sizemore,67261132,D.1.4.,4615,,,,,,,,,0,FALSE,,
1141,n,,,n,,Aaron,Aaron,White,White,,Aaron.White,67260787,D.2.3.,4545,,,,,,,,,0,FALSE,,
1264,,,,,,Teddy,Teddyeng,Gordon,Gordon,Dr.rer.nat.,Teddy.Gordon,,D.1.2.,4615,,,,,,,,,0,FALSE,,
1272,,,,,,Edward,Edward,Peterson,Peterson,,Edward.Peterson,67260787,D.2.3.,4550,,,,,,,,,0,FALSE,,
1257,,,,,,Forrest,Forrest,Olson,Olsoneng,,Forrest.Olson,,M.3.,4810,,,,,,,,,0,FALSE,,
1143,,,,,,Michael,Michael,Mcdonald,Mcdonald,Mg.,Michael.Mcdonald,67260856,D.3.5.,4605,,,,,,,,,0,FALSE,,
1273,,,,,,Max,Max,Daines,Daineseng,,Max.Daines,,M.2.,4500,,,,,,,,,0,FALSE,,
1144,,,,,,Shannon,Shannon,Crumb,Crumb,,Shannon.Crumb,,D.2.2.,4580,,,,,,,,,0,FALSE,,
1145,,,,,,Geoffrey,Geoffreyeng,Bedard,Bedard,Mg.,Geoffrey.Bedard,67260787,D.2.3.,4560,,,,,,,,,0,FALSE,,
1146,,,,,,Alice,Alice,Miller,Miller,Dr. phys.,Alice.Miller,67260787,D.2.3.,4585,,,,,,,,,0,FALSE,,
1147,n,,,n,,Grace,Grace,Thompson,Thompson,Dr.habil.phys.,Grace.Thompson,28702551,D.2.1.,4615,,,,,,,,,0,FALSE,,
1148,,,,,,Margarett,Margarett,Row,Row,Dr.habil.phys.,Margarett.Row,,D.1.3.,4610,,,,,,,,,0,FALSE,,
1312,n,n,,n,,Maria,Maria,Hughes,Hughes,,Maria.Hughes,,A.6.,,,,,,,,,,0,FALSE,,
1149,,,,,,Alysia,Alysia,Aitken,Aitken,Bc.,Alysia.Aitken,,D.1.2.,4565,,,,,,,,,0,FALSE,,
1150,,,,,,Arturo,Arturo,Johnson,Johnson,Dr. sc. ing.,Arturo.Johnson,,D.3.4.,4956,D.3.4.,4615,,,,,,,0,FALSE,,
1311,,,,,,Daniel,Daniel,Mcsween,Mcsween,,Daniel.Mcsween,,D.3.1.,4856,,,,,,,,,0,FALSE,,
1151,n,,,n,,Donald,Donald,Turner,Turner,Dr.phys.,Donald.Turner,67261132,D.1.4.,4610,,,,,,,,,0,FALSE,,
1152,,,,,,Ruth,Ruth,Ulloa,Ulloa,Dr.phys.,Ruth.Ulloa,,D.1.3.,4580,,,,,,,,,0,FALSE,,
1287,,,,,,Melissa,Melissa,Chafin,Chafin,,Melissa.Chafin,,D.1.1.,4565,,,,,,,,,0,FALSE,,
1153,,,,,,Sharon,Sharon,Willis,Willis,,Sharon.Willis,26417705,D.2.2.,4545,,,,,,,,,0,FALSE,,
1154,,,,,,Brian,Brian,Hendren,Hendren,,Brian.Hendren,,D.2.2.,4550,,,,,,,,,0,FALSE,,
1157,,,,,,Anna,Anna,Martin,Martin,Mg.,Anna.Martin,,D.1.3.,4565,,,,,,,,,0,FALSE,,
1156,,,,,,Macy,Macy,Hernandez,Hernandez,,Macy.Hernandez,,D.3.3.,4495,,,,,,,,,0,FALSE,,
1276,,,,,,Mike,Mike,Toon,Toon,,Mike.Toon,,D.3.3.,4580,,,,,,,,,0,FALSE,,
1158,,,,,,Annette,Annette,Scales,Scales,,Annette.Scales,,D.2.2.,4545,,,,,,,,,0,FALSE,,
1159,n,,,n,,Kevin,Kevin,Lobel,Lobel,,Kevin.Lobel,,D.3.3.,4545,,,,,,,,,0,FALSE,,
1162,,,,,,Thelma,Thelma,Johannes,Johannes,,Thelma.Johannes,29207993,A.1.,4640,,,,,,,,,0,FALSE,,
1160,,,,,,Brenda,Brenda,Rutherford,Rutherford,,Brenda.Rutherford,,D.2.6.,4680,,,,,,,,,0,FALSE,,
1161,,,,,,Robert,Robert,Keller,Keller,"Profesors, Dr.habil.phys.",Robert.Keller,67260868,D.2.6.,4615,,,,,,,,,0,FALSE,,
1164,,,,,,Kerrie,Kerrie,Hunt,Hunt,,Kerrie.Hunt,,D.1.3.,4545,,,,,,,,,0,FALSE,,
1163,n,,,n,,Brian,Brian,Witherite,Witherite,,Brian.Witherite,,D.3.3.,4495,,,,,,,,,0,FALSE,,
1165,,,,,,Karen,Karen,Owens,Owens,,Karen.Owens,,D.3.4.,4550,,,,,,,,,0,FALSE,,
1166,,,,,,Mary,Mary,Horal,Horal,Dr.sc.ing.,Mary.Horal,,D.2.7.,4580,,,,,,,,,0,FALSE,,
1167,,,,,,Thomas,Thomas,Johnson,Johnson,,Thomas.Johnson,,D.1.3.,4565,,,,,,,,,0,FALSE,,
1168,,,,,,Melissa,Melissa,Grimes,Grimes,Dr.phys.,Melissa.Grimes,,D.1.3.,4615,,,,,,,,,0,FALSE,,
1288,,,,,,William,William,French,French,Bc.,William.French,,D.2.7.,4550,,,,,,,,,0,FALSE,,
1169,,,,,,Scott,Scott,Fitzgerald,Fitzgerald,Dr.phys.,Scott.Fitzgerald,,D.2.6.,4515,,,,,,,,,0,FALSE,,
1170,,,,,,Jose,Jose,Wall,Walleng,Bc.,Jose.Wall,67260787,D.2.3.,4565,,,,,,,,,0,FALSE,,
1171,,,,,,Helen,Helen,Franco,Franco,Dr.sc.ing.,Helen.Franco,,D.1.3.,4580,,,,,,,,,0,FALSE,,
1172,,,,,,William,William,Jones,Joneseng,Mg.,William.Jones,67260787,D.2.3.,4565,,,,,,,,,0,FALSE,,
1271,,,,,,Arthur,Arthur,Duarte,Duarteeng,Dr.chem.,Arthur.Duarte,67260787,D.2.3.,4585,,,,,,,,,0,FALSE,,
1173,,,,,,Maria,Maria,Miller,Miller,,Maria.Miller,,D.2.1.,4545,,,,,,,,,0,FALSE,,
1174,,,,,y,Herbert,Herbert,Sirles,Sirles,Dr.rer.nat.,Herbert.Sirles,20093610,D.1.1.,4956,D.1.1.,4615,,,,,,,0,FALSE,,
1175,,,,,,Agnes,Agnes,Chang,Chang,Mg.,Agnes.Chang,25956853,D.1.2.,4580,,,,,,,,,0,FALSE,,
1333,,,,,,Lowell,Lowell,Simpson,Simpson,Bc.,Lowell.Simpson,,D.1.3.,4565,,,,,,,,,0,FALSE,,
1177,,,,,y,Pablo,Pablo,Senegal,Senegal,Dr.phys.,Pablo.Senegal,67187511,D.3.3.,4615,,,,,,,,,0,FALSE,,
1176,,,,,,David,David,Dickson,Dickson,Mg.,David.Dickson,,D.1.3.,4580,,,,,,,,,0,FALSE,,
1178,n,,,n,,Sherry,Sherry,Stein,Stein,,Sherry.Stein,67260787,D.2.3.,4545,,,,,,,,,0,FALSE,,
1181,,,,,,Roberta,Roberta,Swonke,Swonke,Dr.phys.,Roberta.Swonke,67187480,D.1.2.,4615,,,,,,,,,0,FALSE,,
1179,,,,,,Joshua,Joshua,Mazur,Mazur,,Joshua.Mazur,,D.3.3.,4545,,,,,,,,,0,FALSE,,
1270,n,,,n,,Grover,Grover,Moore,Moore,,Grover.Moore,,D.3.4.,4545,,,,,,,,,0,FALSE,,
1085,,,,,,Florence,Florence,Moreno,Moreno,Ph.D.,Florence.Moreno,67251691,D.1.6.,4585,,,,,,,,,0,FALSE,,
1182,,,,,y,Bernard,Bernardeng,Seymour,Seymour,Dr.phys.,Bernard.Seymour,67260787,D.2.3.,4615,,,,,,,,,0,FALSE,,
1183,n,,,n,,Paul,Paul,Adams,Adams,,Paul.Adams,,D.2.6.,4590,,,,,,,,,0,FALSE,,
1260,,n,,n,,Richard,Richard,Paez,Paez,,Richard.Paez,,M.3.,4810,,,,,,,,,0,FALSE,,
1184,,,,,,Jack,Jack,Tarver,Tarvereng,Dr.habil.phys.,Jack.Tarver,67251691,D.3.3.,4956,D.3.3.,4615,,,,,,,0,FALSE,,
1185,,,,,,Rosie,Rosie,Fehrle,Fehrle,Mg.,Rosie.Fehrle,,D.1.1.,4565,,,,,,,,,0,FALSE,,
1186,,,,,,Timothy,Timothy,Flores,Flores,,Timothy.Flores,,D.3.6.,4895,,,,,,,,,0,FALSE,,
1187,,,,,,Lorenzo,Lorenzo,Parker,Parker,Dr.phys.,Lorenzo.Parker,,D.2.7.,4610,,,,,,,,,0,FALSE,,
1274,n,,,n,,Jeremy,Jeremy,Sutton,Sutton,,Jeremy.Sutton,,D.3.2.,4950,,,,,,,,,0,FALSE,,
1188,,,,,,Kelli,Kelli,Perez,Perez,Dr.phys.,Kelli.Perez,67261304,D.2.7.,4957,D.2.7.,4610,,,,,,,0,FALSE,,
1189,,,,,,Franklin,Franklin,Maloney,Maloney,Dr. sc. ing.,Franklin.Maloney,,D.3.4.,4615,,,,,,,,,0,FALSE,,
1190,,,,,,Candice,Candice,Castillo,Castillo,,Candice.Castillo,,D.1.3.,4580,,,,,,,,,0,FALSE,,
1191,,,,,,Crystal,Crystal,Hough,Hough,Profesors Dr.habil.phys.,Crystal.Hough,,D.1.3.,4615,,,,,,,,,0,FALSE,,
1192,,,,,,Theresa,Theresa,Powell,Powell,Dr. Phys.,Theresa.Powell,67187480,D.1.2.,4580,,,,,,,,,0,FALSE,,
1327,,,,,,Raymond,Raymond,Hernandez,Hernandez,,Raymond.Hernandez,,D.1.3.,4560,,,,,,,,,0,FALSE,,
1193,,,,,y,Jaime,Jaime,Baker,Baker,Dr.phys.,Jaime.Baker,67854986,D.1.3.,4615,,,,,,,,,0,FALSE,,
1334,n,,,n,,Linda,Linda,Siegrist,Siegristeng,,Linda.Siegrist,,D.1.2.,4570,,,,,,,,,0,FALSE,,
1278,n,,,n,,Ehtel,Ehtel,Dobson,Dobson,,Ehtel.Dobson,,D.2.4.,4545,,,,,,,,,0,FALSE,,
1299,,,,,,Jeanette,Jeanette,Garcia,Garcia,,Jeanette.Garcia,,A.1.,4857,,,,,,,,,0,FALSE,,
1356,,n,,n,,Joseph,Joseph,Church,Church,,Joseph.Church,,M.3.,4845,,,,,,,,,0,FALSE,,
1194,,,,,y,Amy,Amy,Vargas,Vargas,Dr.phys.,Amy.Vargas,67187816,D.1.3.,4956,D.1.3.,4615,,,,,,,0,FALSE,,
1195,n,,,n,,Kenneth,Kenneth,Bacon,Bacon,,Kenneth.Bacon,,D.2.1.,4545,,,,,,,,,0,FALSE,,
1197,n,,,n,,Lawrence,Lawrence,Melton,Melton,Dr.chem.,Lawrence.Melton,,D.1.2.,4585,,,,,,,,,0,FALSE,,
1198,,,,,,Henry,Henry,Yontz,Yontz,,Henry.Yontz,67260545,M.3.,4850,,,,,,,,,0,FALSE,,
1262,,,,,,Lonnie,Lonnie,Parker,Parker,,Lonnie.Parker,,D.2.2.,4545,,,,,,,,,0,FALSE,,
1314,,n,,n,,Willie,Willie,Mohler,Mohler,,Willie.Mohler,,M.3.,4845,,,,,,,,,0,FALSE,,
1199,,,,,,John,John,Barrett,Barretteng,,John.Barrett,,A.5.,4945,A.5.,4725,,,,,,,0,FALSE,,
1200,,,,,,Adam,Adam,Neal,Neal,"Profesors, Dr.habil.phys.",Adam.Neal,67211405,D.2.1.,4615,,,,,,,,,0,FALSE,,
1201,n,,,n,,Leslie,Leslie,Coldiron,Coldiron,,Leslie.Coldiron,67260787,D.2.3.,4545,,,,,,,,,0,FALSE,,
1324,,n,,n,,Tony,Tony,Friedman,Friedman,,Tony.Friedman,,M.3.,4825,,,,,,,,,0,FALSE,,
1202,,,,,,Nidia,Nidia,Jackson,Jackson,Dr.phys.,Nidia.Jackson,,D.2.7.,4610,,,,,,,,,0,FALSE,,
1203,,,,,,Ardis,Ardis,Burge,Burge,Dr. chem.,Ardis.Burge,,D.1.3.,4585,,,,,,,,,0,FALSE,,
1204,,,,,,Jodi,Jodi,Dorey,Dorey,Dr.habil.phys.,Jodi.Dorey,67260756,D.2.1.,4615,,,,,,,,,0,FALSE,,
1205,,,,,,Frank,Frank,Culbertson,Culbertson,Dr.phys.,Frank.Culbertson,67187473,D.3.3.,4610,,,,,,,,,0,FALSE,,
1207,n,,,n,,Herman,Herman,Roberts,Roberts,"Prof., Dr.oec.",Herman.Roberts,,D.2.2.,4550,,,,,,,,,0,FALSE,,
1347,,,,,,Thelma,Thelma,Baity,Baity,,Thelma.Baity,,D.1.3.,4495,,,,,,,,,0,FALSE,,
1208,,,,,,Jay,Jay,Shaw,Shaw,Dr.phys.,Jay.Shaw,67187478,D.1.4.,4956,D.1.4.,4615,,,,,,,0,FALSE,,
1291,n,,,n,,Phyliss,Phyliss,Rice,Rice,,Phyliss.Rice,,D.1.6.,4500,,,,,,,,,0,FALSE,,
1209,,,,,,Cheryl,Cheryl,Padgett,Padgett,,Cheryl.Padgett,,D.1.1.,4560,,,,,,,,,0,FALSE,,
1281,n,,,n,,Rita,Rita,Glaser,Glaser,,Rita.Glaser,,D.2.2.,4545,,,,,,,,,0,FALSE,,
1210,,,,,,Brenda,Brenda,Anderson,Anderson,Dr.rer.nat.,Brenda.Anderson,,D.1.1.,4580,,,,,,,,,0,FALSE,,
1211,,,,,,Linda,Linda,Duran,Duran,Dr.habil.phys.,Linda.Duran,,D.1.3.,4615,,,,,,,,,0,FALSE,,
1212,,,,,,Valerie,Valerie,Smith,Smith,Mg.,Valerie.Smith,,D.1.5.,4580,,,,,,,,,0,FALSE,,
1301,n,,,n,,Gordon,Gordon,Vierra,Vierra,,Gordon.Vierra,,D.3.4.,4550,,,,,,,,,0,FALSE,,
1213,,,,,,Frederick,Frederick,Bowdle,Bowdle,Bc.,Frederick.Bowdle,,D.2.1.,4550,,,,,,,,,0,FALSE,,
1214,,n,,n,,Dolores,Dolores,Whatoname,Whatoname,,Dolores.Whatoname,67187816,A.1.,4960,,,,,,,,,0,FALSE,,
1239,,,,,,Betty,Betty,Thompson,Thompson,Bc.,Betty.Thompson,67251691,D.3.3.,4545,M.4.,4555,,,,,,,0,FALSE,,
1295,n,,,n,,Richard,Richard,Garza,Garza,,Richard.Garza,,A.6.,4890,,,,,,,,,0,FALSE,,
1261,n,,,n,,John,John,Ogden,Ogden,,John.Ogden,,D.2.2.,4550,,,,,,,,,0,FALSE,,
1265,n,,,n,,Kevin,Kevin,Jones,Jones,,Kevin.Jones,,M.3.,4790,,,,,,,,,0,FALSE,,
1215,,,,,y,Peggy,Peggyeng,Bell,Bell,Dr.habil.phys.,Peggy.Bell,67187810,D.2.4.,4615,A.1.,4980,,,,,,,0,FALSE,,
1269,,,,,,Liza,Liza,Davis,Davis,Dr.phys.,Liza.Davis,,D.3.4.,4580,,,,,,,,,0,FALSE,,
1216,n,,,n,,Mary,Mary,Wafford,Wafford,Bc.,Mary.Wafford,,D.2.1.,4545,,,,,,,,,0,FALSE,,
1217,n,,,n,,Lynsey,Lynsey,Carroll,Carroll,Bc.,Lynsey.Carroll,67260787,D.2.3.,4545,,,,,,,,,0,FALSE,,
1218,,,,,,Barbara,Barbara,Sims,Sims,,Barbara.Sims,,D.3.3.,4545,,,,,,,,,0,FALSE,,
1219,,,,,,Jennifer,Jennifer,Maresca,Maresca,,Jennifer.Maresca,67260787,D.2.3.,4550,,,,,,,,,0,FALSE,,
1220,n,,,n,,Steven,Steven,Munoz,Munoz,Bc.,Steven.Munoz,,D.1.4.,4550,,,,,,,,,0,FALSE,,
1221,,,,,,Emelda,Emelda,Carroll,Carroll,,Emelda.Carroll,67260571,A.2.,4715,,,,,,,,,0,FALSE,,
1222,,,,,,David,David,Hamiton,Hamiton,Dr.phys.,David.Hamiton,29414553,D.2.7.,4615,,,,,,,,,0,FALSE,,
1223,,,,,,James,James,Wolfe,Wolfe,Mg.,James.Wolfe,,D.1.5.,4545,,,,,,,,,0,FALSE,,
1224,,,,,,Danielle,Danielle,Weaver,Weaver,Mg.,Danielle.Weaver,67260787,D.2.3.,4585,,,,,,,,,0,FALSE,,
1225,,,,,,Emma,Emma,Dempsey,Dempsey,,Emma.Dempsey,,D.1.3.,4545,,,,,,,,,0,FALSE,,
1226,,,,,,Kathleen,Kathleen,Fusco,Fusco,Mg.,Kathleen.Fusco,67187790,D.2.3.,4580,,,,,,,,,0,FALSE,,
1227,,,,,,Kathryn,Kathryn,Rockwell,Rockwell,,Kathryn.Rockwell,,D.1.4.,4565,,,,,,,,,0,FALSE,,
1289,n,,,n,,Brett,Brett,Rasmussen,Rasmussen,,Brett.Rasmussen,67187816,A.1.,4960,,,,,,,,,0,FALSE,,
1228,,,,,,Joyce,Joyce,Ellenberger,Ellenberger,Dr.phys.,Joyce.Ellenberger,,D.1.3.,4610,,,,,,,,,0,FALSE,,
1229,,,,,,Carol,Carol,Bunker,Bunker,,Carol.Bunker,67260787,D.2.3.,4545,,,,,,,,,0,FALSE,,
1230,,,,,,Gregory,Gregory,Ward,Ward,Dr.habil.phys.,Gregory.Ward,67260756,D.2.1.,4615,,,,,,,,,0,FALSE,,
1359,,,,,,Jeanne,Jeanne,Slater,Slater,,Jeanne.Slater,,D.2.6.,4545,,,,,,,,,0,FALSE,,
1352,,,,,,Diana,Diana,Sousa,Sousa,,Diana.Sousa,,D.1.2.,4585,,,,,,,,,0,FALSE,,
1263,,,,,,Estelle,Estelle,Ashmore,Ashmoreeng,,Estelle.Ashmore,,D.2.1.,4545,,,,,,,,,0,FALSE,,
1300,,,,,,Kenneth,Kenneth,Peck,Peck,,Kenneth.Peck,,D.3.1.,4658,,,,,,,,,0,FALSE,,
1365,,,,,,Patrick,Patrick,Dill,Dill,,Patrick.Dill,,D.3.4.,4500,,,,,,,,,0,FALSE,,
1332,,n,,n,,Danny,Danny,Martinez,Martinez,,Danny.Martinez,,M.1.,4545,,,,,,,,,0,FALSE,,
1277,n,,,n,,Theodore,Theodore,Phipps,Phipps,,Theodore.Phipps,,M.3.,4840,,,,,,,,,0,FALSE,,
1316,n,n,,n,,Johnny,Johnny,Sullivan,Sullivan,,Johnny.Sullivan,,M.3.,4840,,,,,,,,,0,FALSE,,
1231,n,,,n,,Lorri,Lorri,Smith,Smith,,Lorri.Smith,,D.2.2.,4545,,,,,,,,,0,FALSE,,
1232,,,,,,Rhonda,Rhonda,Agin,Agin,Asoc.prof.Dr.chem.,Rhonda.Agin,67262145,D.1.5.,4956,D.1.5.,4615,,,,,,,0,FALSE,,
1302,,,,,,Chad,Chad,Clark,Clark,,Chad.Clark,,D.1.4.,4545,,,,,,,,,0,FALSE,,
1335,,,,,,Robin,Robin,Bundick,Bundick,,Robin.Bundick,,D.1.2.,4570,,,,,,,,,0,FALSE,,
1235,,,,,,Michelle,Michelle,Thibodeau,Thibodeau,Mg.,Michelle.Thibodeau,67260856,D.3.5.,4605,,,,,,,,,0,FALSE,,
1323,,n,,n,,Emmaline,Emmalineeng,Gentry,Gentry,,Emmaline.Gentry,,M.3.,4845,,,,,,,,,0,FALSE,,
1236,,,,,y,Christine,Christine,Denton,Denton,Dr.phys.,Christine.Denton,67260787,D.2.3.,4956,D.2.3.,4615,,,,,,,0,FALSE,,
1348,,,,,,Angela,Angela,Pray,Pray,,Angela.Pray,,D.1.1.,4545,,,,,,,,,0,FALSE,,
1238,,,,,,Peter,Peter,Miller,Miller,,Peter.Miller,,D.3.3.,4545,,,,,,,,,0,FALSE,,
1237,,,,,,Brian,Brian,Marin,Marin,,Brian.Marin,,D.1.3.,4545,,,,,,,,,0,FALSE,,
1344,,,,,,Gordon,Gordon,Dicken,Dicken,,Gordon.Dicken,,D.1.4.,4580,,,,,,,,,0,FALSE,,
1240,n,,,n,,Jeff,Jeff,Chambers,Chambers,,Jeff.Chambers,,D.1.4.,4545,,,,,,,,,0,FALSE,,
1350,,,,,,Oliva,Oliva,Brown,Brown,,Oliva.Brown,,D.3.1.,4657,,,,,,,,,0,FALSE,,
1241,n,,,n,,Thomas,Thomas,Watkins,Watkins,Dr.chem.,Thomas.Watkins,67187817,D.2.2.,4615,,,,,,,,,0,FALSE,,
1242,,,,,y,Amelia,Amelia,Beaty,Beaty,Dr.phys.,Amelia.Beaty,,D.2.1.,4610,,,,,,,,,0,FALSE,,
1243,,,,,,Nubia,Nubia,Hunt,Hunt,,Nubia.Hunt,,D.1.3.,4545,,,,,,,,,0,FALSE,,
1317,,n,,n,,Dean,Dean,Karg,Karg,,Dean.Karg,,M.3.,4835,,,,,,,,,0,FALSE,,
1254,,,,,,Craig,Craig,Bender,Bender,Dr.phys.,Craig.Bender,,D.3.4.,4615,,,,,,,,,0,FALSE,,
1245,n,,,n,,Veronica,Veronica,Chaffee,Chaffee,,Veronica.Chaffee,,D.3.6.,4630,,,,,,,,,0,FALSE,,
1246,,,,,,Chris,Chris,Walker,Walker,,Chris.Walker,,D.1.1.,4545,,,,,,,,,0,FALSE,,
1275,n,,,n,,Betty,Betty,Aguilar,Aguilar,,Betty.Aguilar,,D.2.6.,4495,,,,,,,,,0,FALSE,,
1279,,,,,,Jim,Jim,Goodwin,Goodwin,Dr.chem.,Jim.Goodwin,,D.2.3.,4545,,,,,,,,,0,FALSE,,
1309,,,,,,Brandy,Brandy,Villicana,Villicana,,Brandy.Villicana,,D.1.3.,4580,,,,,,,,,0,FALSE,,
1248,n,,,n,,Virginia,Virginia,Fox,Fox,Bc.,Virginia.Fox,,D.1.2.,4545,,,,,,,,,0,FALSE,,
1361,,,,,,Anne,Anne,Small,Small,,Anne.Small,,D.2.2.,4495,,,,,,,,,0,FALSE,,
1250,,,,,,Irma,Irma,Davis,Davis,Ph.D.,Irma.Davis,,D.2.1.,4615,D.2.1.,4956,,,,,,,0,FALSE,,
1251,,,,,,Shelley,Shelley,Raybuck,Raybuck,Bc.,Shelley.Raybuck,67260787,D.2.3.,4550,,,,,,,,,0,FALSE,,
1252,,,,,,Doretha,Doretha,Fiscus,Fiscus,Dr.phys.,Doretha.Fiscus,67251691,D.3.3.,4615,,,,,,,,,0,FALSE,,
1325,,n,,n,,Lester,Lester,Bishop,Bishop,,Lester.Bishop,,M.3.,4825,,,,,,,,,0,FALSE,,
1345,,,,,,James,James,Walker,Walker,,James.Walker,,D.3.4.,4545,,,,,,,,,0,FALSE,,
1253,,,,,,Randall,Randall,Heffernan,Heffernaneng,Dr.rer.nat.,Randall.Heffernan,,D.1.2.,4615,,,,,,,,,0,FALSE,,
1313,,,,,,-,Mark,-,Spaulding,,Mark.Spaulding,23280012,M.3.,4475,,,,,,,,,0,FALSE,,
